{"Translation": {"Y_Axis": {"VM1": -0.003921568, "HM1": -0.003921568, "VM2": -0.003921568, "VM3": -1.0, "HM3": -1.0, "HM2": -1.0}, "X_Axis": {"VM1": -1.0, "HM1": -1.0, "VM2": -0.003921568, "VM3": -0.003921568, "HM3": 0.4980392, "HM2": -0.003921568}, "Z_Axis": {"VM1": -1.0, "HM1": -0.003921568, "VM2": 1.0, "VM3": -0.003921568, "HM3": -0.003921568, "HM2": -0.003921568}}, "Rotation": {"Y_Axis": {"VM1": -0.003921568, "HM1": 0.2, "VM2": -0.003921568, "VM3": -0.003921568, "HM3": 0.2, "HM2": 0.2}, "X_Axis": {"VM1": 0.4980392, "HM1": -0.003921568, "VM2": 0.4980392, "VM3": 0.4980392, "HM3": -0.003921568, "HM2": -0.003921568}, "Z_Axis": {"VM1": 1.0, "HM1": -0.003921568, "VM2": -1.0, "VM3": -1.0, "HM3": -0.003921568, "HM2": -0.003921568}}}