{"Translation": {"Y_Axis": {"VM1": 0.6941176, "HM1": -0.3019608, "VM2": 0.4980392, "VM3": 0.2941177, "HM3": -0.7019608, "HM2": -0.5058824}, "X_Axis": {"VM1": 0.6941176, "HM1": -0.3019608, "VM2": 0.4980392, "VM3": 0.2941177, "HM3": -0.7019608, "HM2": -0.5058824}, "Z_Axis": {"VM1": 0.6941176, "HM1": -0.3019608, "VM2": 0.4980392, "VM3": 0.2941177, "HM3": -0.7019608, "HM2": -0.5058824}}, "Rotation": {"Y_Axis": {"VM1": 0.6941176, "HM1": -0.3019608, "VM2": 0.4980392, "VM3": 0.2941177, "HM3": -0.7019608, "HM2": -0.5058824}, "X_Axis": {"VM1": 0.6941176, "HM1": -0.3019608, "VM2": 0.4980392, "VM3": 0.2941177, "HM3": -0.7019608, "HM2": -0.5058824}, "Z_Axis": {"VM1": 0.6941176, "HM1": -0.3019608, "VM2": 0.4980392, "VM3": 0.2941177, "HM3": -0.7019608, "HM2": -0.5058824}}}